,0,1,2,3,4,5,6,7,8,9,10,11,12,13,14,15,16,17,18,19,20,21,22,23,24,25,26,27,28,29,30,31,32,33,34,35,36,37,38,39,40,41,42,43,44,45,46,47,48,49,50,51,52,53,54,55,56,57,58,59,60,61,62,63,64,65,66,67,68,69,70,71,72,73,74,75,76,77,78,79,80,81,82,83,84,85,86,87,88,89,90,91,92,93,94,95,96,97,98,99,100,101,102,103,104,105,106,107,108,109,110,111,112,113,114,115,116,117,118,119,120,121,122,123,124,125,126,127,128,129,130,131,132,133,134,135,136,137,138,139,140,141,142,143,144,145,146,147,148,149,150,151,152,153,154,155,156,157,158,159,160,161,162,163,164,165,166,167,168,169,170,171,172,173,174,175,176,177,178,179,180,181,182,183,184,185
0,75,166,143,165,164,140,138,24,67,139,141,21,22,161,44,160,158,142,156,136,163,159,20,48,157,49,18,38,32,26,133,25,17,167,19,175,16,137,182,1,170,3,66,71,39,2,79,46,174,184,154,0,4,181,34,30,134,59,77,27,23,135,74,83,123,87,162,10,12,155,36,180,31,183,171,172,8,35,81,40,5,37,11,14,169,85,106,42,176,177,43,89,9,69,91,47,13,153,6,178,70,45,7,15,173,68,73,92,185,33,51,53,50,56,108,57,127,52,110,98,125,90,55,54,58,126,109,95,114,99,113,94,128,179,102,41,93,152,124,72,101,105,117,100,129,96,107,112,121,97,104,63,103,111,118,116,115,130,28,119,120,146,145,122,144,29,147,131,132,151,150,148,149,65,64,62,86,60,168,88,61,76,82,84,78,80
1,75,1,0,3,2,8,9,168,11,10,87,4,12,66,89,83,13,67,85,79,5,81,143,77,14,166,15,106,6,71,7,91,73,21,70,69,172,167,123,171,68,142,18,17,92,16,20,22,57,72,110,19,140,174,185,108,122,95,56,138,94,161,163,90,114,98,109,96,160,102,53,51,52,54,55,141,50,113,93,58,139,97,179,107,118,112,99,111,105,100,104,117,101,103,121,173,158,175,159,156,136,115,24,119,181,116,157,120,44,137,26,182,30,35,31,39,34,169,154,46,135,133,134,155,59,74,184,38,27,47,176,162,32,25,180,153,40,183,177,42,23,43,48,127,36,125,164,165,33,126,63,45,124,178,49,65,145,41,144,128,146,64,152,129,147,28,130,88,37,62,86,132,151,131,149,150,148,60,29,76,84,61,82,78,80,170
2,75,1,0,3,2,168,8,9,11,66,10,87,89,83,4,67,85,12,143,79,13,81,77,5,14,15,21,71,6,142,7,106,18,17,16,73,20,22,171,172,169,69,123,70,140,91,19,68,138,141,166,174,57,161,92,139,72,160,185,110,56,108,122,95,94,163,58,158,90,136,156,55,159,96,109,114,173,98,54,53,24,102,51,52,93,113,50,175,97,179,107,157,112,118,111,44,99,105,100,104,137,117,26,103,101,121,30,181,167,35,31,115,182,119,34,116,39,46,120,135,32,154,134,155,47,42,43,184,40,23,38,25,183,59,27,133,162,74,177,176,180,164,48,165,127,36,125,153,33,126,49,45,124,41,145,178,128,129,144,146,63,28,147,65,152,130,37,64,131,132,151,149,150,148,88,62,86,29,60,170,76,61,84,82,78,80
3,82,86,84,78,88,80,89,85,65,61,81,76,73,87,9,83,62,64,5,11,8,3,4,2,7,1,6,13,15,10,77,0,72,69,60,70,12,14,144,145,147,146,79,68,148,66,41,149,124,125,47,126,29,127,43,71,31,128,118,129,58,119,42,114,102,115,120,35,150,185,116,98,100,45,104,103,121,99,117,111,57,110,101,94,112,107,46,106,105,96,63,16,56,95,113,108,90,130,17,97,55,93,109,54,53,92,51,50,91,40,151,18,34,131,155,19,52,30,39,36,122,33,135,154,134,37,28,20,67,49,75,48,137,157,156,21,132,44,158,59,136,159,152,74,22,38,167,184,168,23,123,27,160,139,138,32,162,161,164,26,169,142,165,153,140,166,133,24,25,182,181,141,183,163,174,143,180,171,172,173,170,175,179,176,177,178
4,75,67,66,1,3,0,2,83,9,87,11,10,79,89,8,12,85,77,13,71,166,4,14,81,15,68,5,70,142,69,58,21,6,106,7,73,22,140,91,165,143,20,72,141,164,92,18,17,185,16,19,57,138,139,24,167,59,95,110,94,108,123,26,90,96,161,30,184,56,93,136,109,97,160,50,51,39,53,98,137,52,113,102,27,105,55,54,122,114,133,104,100,107,101,112,31,38,99,117,121,35,103,111,118,34,48,159,135,134,46,116,40,158,115,119,44,49,156,120,157,42,169,43,182,23,174,25,36,47,153,175,127,152,132,155,183,37,154,125,171,129,28,181,151,126,128,63,41,131,130,124,45,179,33,146,150,147,32,145,149,144,180,163,74,162,172,176,177,29,148,60,64,65,178,62,170,173,168,88,86,61,76,84,82,78,80
5,75,1,0,140,2,3,138,8,139,143,9,10,141,12,160,11,158,161,159,14,156,13,4,142,157,15,5,66,136,166,6,58,7,83,67,87,24,79,89,85,137,21,81,179,163,154,77,22,26,71,155,20,18,17,181,70,16,19,153,182,134,68,39,73,185,38,44,168,133,25,135,69,72,167,27,32,106,59,74,183,91,23,30,31,162,57,92,123,40,174,108,110,175,35,56,90,46,152,177,109,95,52,176,50,180,51,53,94,34,113,98,42,93,55,43,54,96,114,127,107,112,97,47,102,125,99,122,111,169,126,105,100,117,28,104,184,101,121,124,33,128,103,45,129,41,118,130,132,115,145,165,171,146,116,164,178,63,150,144,119,48,131,147,120,151,36,49,172,148,149,29,60,64,62,65,173,37,76,86,88,61,84,82,78,80,170
6,75,1,0,3,2,160,159,161,158,66,9,140,142,10,179,11,12,8,4,156,141,138,13,139,14,157,5,15,67,58,6,7,182,106,181,185,143,83,87,136,91,79,166,89,85,154,92,77,68,81,71,57,137,70,24,110,108,155,90,21,50,22,51,168,109,56,69,52,53,26,98,114,163,122,113,94,95,107,54,55,112,93,96,73,32,123,72,167,102,20,111,99,100,97,117,18,105,101,27,121,104,17,184,118,103,16,19,115,116,44,171,169,162,134,176,25,119,120,135,31,172,59,30,74,35,173,34,23,153,175,174,33,152,164,46,165,150,183,180,127,151,47,48,146,125,145,43,28,42,45,36,126,144,147,63,124,128,49,60,178,129,132,64,149,40,29,130,148,39,131,65,62,133,37,41,177,38,88,86,76,61,84,82,78,80,170
7,75,1,0,3,2,66,9,8,10,11,12,159,4,13,14,158,161,5,67,160,15,156,58,140,157,139,138,6,7,141,83,87,106,79,185,143,89,85,71,91,142,68,70,77,81,136,92,154,57,166,108,155,153,110,69,90,137,50,24,21,51,109,181,56,22,52,53,72,98,73,113,95,94,114,107,93,112,96,122,55,54,179,102,99,20,97,111,105,100,117,168,101,169,184,26,18,123,104,121,163,32,182,17,133,103,118,59,27,44,16,19,116,183,115,119,120,152,134,74,167,172,171,135,25,31,30,35,34,23,151,162,46,150,33,180,174,164,165,63,132,173,146,145,127,47,43,45,125,147,149,144,42,126,175,39,129,128,48,60,148,124,131,64,130,40,28,36,49,62,29,65,177,176,41,38,178,37,86,88,76,61,84,82,170,78,80
8,75,142,66,1,3,2,141,0,89,140,85,77,21,4,17,10,16,18,9,81,11,12,20,8,138,5,22,13,19,139,136,14,87,83,69,15,143,30,6,7,70,137,79,26,44,73,68,185,135,134,46,31,35,67,47,127,43,125,156,42,34,132,126,157,124,129,128,74,160,72,40,39,45,131,133,130,159,71,182,184,28,41,158,154,33,27,161,24,36,32,155,145,38,48,147,58,144,146,150,151,153,149,49,23,152,148,183,29,179,163,37,106,164,162,92,91,166,165,181,110,94,95,96,90,57,108,114,123,102,98,174,93,97,56,109,118,113,107,104,54,105,55,100,53,112,111,117,65,121,50,52,99,51,103,101,115,119,167,116,86,122,173,120,88,178,171,62,64,25,76,169,172,82,84,60,61,175,176,177,78,180,59,63,80,168,170
9,75,1,0,3,2,66,4,21,143,141,9,140,10,8,67,11,12,174,142,22,89,138,20,5,77,18,13,87,139,85,17,14,83,16,81,79,19,166,15,161,160,159,6,156,168,7,136,169,158,71,69,157,24,70,185,73,137,123,58,26,171,68,182,44,175,106,74,31,181,30,35,154,165,27,164,134,135,72,91,184,155,46,133,34,92,23,163,47,110,57,32,43,108,153,56,42,48,95,180,183,90,94,109,39,55,96,177,113,114,152,54,93,49,40,127,98,53,51,50,107,52,179,97,122,112,125,102,36,176,33,111,126,45,105,99,104,100,118,117,132,101,103,124,167,172,121,128,145,129,115,146,151,144,116,150,41,147,130,119,131,37,59,38,162,25,120,28,178,149,173,148,29,65,63,62,86,64,88,170,60,76,61,82,84,78,80
10,75,1,0,143,3,2,174,142,140,67,21,9,66,8,141,10,4,138,11,12,87,89,22,166,83,79,139,18,13,20,85,17,77,5,14,81,16,19,175,15,71,161,160,136,24,6,156,7,159,158,70,157,73,69,123,137,44,181,168,68,26,163,185,106,182,72,58,165,91,135,30,134,32,35,180,31,164,154,23,167,46,177,39,155,34,176,92,57,47,43,110,42,56,40,108,95,48,183,38,94,90,25,55,179,109,184,96,74,93,54,114,113,27,162,59,133,169,127,98,49,171,97,102,53,52,122,107,51,50,172,33,112,125,36,105,99,45,111,126,104,118,117,100,103,101,121,124,128,115,41,153,129,116,119,145,178,173,146,120,144,152,37,147,130,28,132,131,63,150,151,149,148,65,29,64,62,60,86,88,76,61,84,82,78,80,170
11,75,143,142,140,141,138,1,174,139,0,3,2,21,67,66,22,160,20,161,18,10,9,12,4,11,24,17,136,8,166,156,16,159,19,13,168,158,87,14,89,5,157,83,79,85,15,137,175,77,81,71,6,44,58,7,26,163,70,181,185,69,73,154,134,135,165,182,68,23,164,155,123,31,30,177,46,35,167,72,32,39,183,169,180,106,34,42,43,47,184,48,40,59,25,162,27,91,176,38,133,74,171,172,49,179,127,45,125,92,36,126,57,56,33,108,110,124,128,95,173,153,41,109,55,152,94,129,90,96,178,93,113,54,97,145,52,53,130,112,107,114,51,50,98,146,132,37,144,111,102,105,99,147,104,122,117,28,100,101,103,121,131,118,150,151,115,116,149,119,148,120,63,29,65,62,64,60,86,88,61,76,170,82,84,78,80
12,75,1,89,0,85,81,87,3,2,9,8,83,77,79,11,10,4,66,12,13,67,5,73,168,14,71,69,15,16,17,18,70,6,21,7,20,19,68,72,22,169,39,30,46,174,35,123,42,47,166,34,43,106,44,40,31,91,38,138,143,57,136,48,58,36,92,135,127,125,137,140,56,185,134,95,139,110,49,126,94,41,124,96,55,45,108,65,156,102,54,141,142,98,145,97,122,114,26,93,167,128,144,90,53,109,23,118,113,157,104,52,105,100,129,154,155,99,51,33,146,103,117,121,112,24,101,107,147,50,111,164,86,37,32,165,88,158,28,115,119,160,159,116,63,59,161,120,64,130,27,74,133,175,149,148,62,131,29,150,151,84,82,163,153,60,132,171,152,61,179,78,76,182,162,176,184,25,80,172,181,177,173,183,180,178,170
13,75,1,0,2,3,174,8,9,89,10,87,11,4,85,12,83,81,21,18,79,143,16,17,13,77,20,5,67,66,14,19,22,15,166,71,6,7,73,70,175,69,142,140,138,141,44,72,68,139,136,24,35,181,123,46,185,137,156,182,30,47,39,34,31,135,42,43,134,157,40,26,163,158,106,161,159,160,32,167,48,180,23,154,38,133,58,127,125,36,155,91,165,164,49,126,45,124,33,92,57,41,183,110,128,56,145,95,153,176,177,144,94,108,129,146,184,96,55,37,122,147,109,97,114,93,90,54,102,113,98,130,118,107,53,59,112,52,111,28,105,27,179,99,51,104,103,50,100,117,121,101,131,132,152,115,74,25,171,172,162,119,173,168,116,149,148,120,150,151,65,63,178,29,64,62,88,86,60,61,76,84,82,169,78,80,170
14,174,1,0,2,16,18,3,17,21,20,89,19,9,4,8,10,11,75,85,12,81,13,5,22,14,87,77,15,6,83,7,79,168,73,31,47,138,136,42,43,35,140,71,39,66,40,30,69,143,135,46,137,139,70,134,125,142,67,127,126,23,124,41,156,72,141,36,24,175,185,48,34,157,145,154,128,44,144,49,155,146,129,38,68,26,45,147,37,158,130,123,169,182,159,164,165,27,58,28,29,33,160,131,148,65,149,181,86,161,88,132,150,166,183,177,163,59,106,63,74,62,176,64,91,32,56,57,180,110,151,92,61,55,184,95,108,114,94,54,179,96,102,118,82,98,173,76,60,109,97,84,111,93,107,90,113,112,78,104,100,162,103,99,52,53,115,117,105,25,133,121,101,171,119,51,50,152,116,122,120,167,172,178,80,153,170
15,75,1,0,3,2,143,174,9,8,11,10,89,4,87,67,12,66,85,83,13,21,79,81,77,5,14,18,142,17,16,20,22,15,168,19,71,175,6,140,7,141,73,123,138,69,70,179,163,139,185,68,106,24,166,72,136,161,160,91,156,177,176,58,182,137,158,159,44,57,92,157,31,181,110,35,30,26,56,95,108,135,46,55,94,172,134,23,39,34,122,47,96,54,109,90,114,42,93,98,113,102,97,154,171,53,52,43,40,107,51,112,50,111,118,155,178,99,105,104,48,100,173,103,117,101,121,59,162,183,184,133,27,36,180,25,74,38,32,167,115,127,164,165,125,119,116,49,169,126,120,124,153,45,33,41,128,145,144,129,146,37,28,147,130,63,152,132,65,131,149,150,148,151,64,29,62,88,86,60,76,61,84,82,78,80,170
16,80,78,82,84,168,86,88,61,76,65,62,60,64,29,41,144,63,145,131,124,147,146,126,125,148,130,129,128,127,28,37,149,40,42,36,43,73,89,81,85,47,132,7,15,150,9,31,11,13,6,8,72,173,45,5,77,16,10,39,49,14,48,17,12,23,69,4,151,35,19,18,46,0,87,30,2,185,179,83,70,3,20,79,135,27,38,59,167,25,74,172,169,171,133,1,120,119,33,178,134,115,116,153,118,34,58,71,104,68,100,21,103,102,121,114,99,117,22,101,98,55,111,54,57,105,122,56,96,112,97,107,94,93,95,52,113,155,53,110,90,51,183,177,109,108,50,154,137,174,170,92,152,66,123,91,24,106,136,184,67,26,44,164,157,156,163,165,176,166,138,175,139,182,32,158,143,159,162,75,140,141,142,180,160,161,181
17,142,75,66,67,141,140,58,143,138,139,68,70,136,69,21,89,44,71,85,24,20,87,18,81,77,73,17,137,16,22,83,11,19,79,13,166,12,10,9,72,15,134,14,135,160,46,48,38,40,161,26,4,2,3,32,45,49,23,8,156,185,132,39,157,59,127,47,174,1,42,179,5,43,126,125,7,128,167,130,6,74,131,129,36,30,124,159,35,28,163,0,151,41,158,34,33,162,154,133,152,155,150,25,31,145,37,146,149,147,144,148,153,184,178,177,183,63,60,175,164,65,62,165,29,64,27,182,61,95,91,92,57,106,97,96,94,93,56,76,176,88,105,86,108,123,110,109,55,113,90,104,103,112,54,101,121,117,102,107,100,111,99,52,53,98,118,114,116,51,50,120,119,115,82,78,84,122,80,181,173,180,168,171,172,169,170
18,75,165,77,164,89,85,81,87,79,83,166,21,16,18,17,20,19,22,34,44,73,48,30,181,167,36,183,46,74,180,69,35,123,32,42,184,43,70,49,47,142,24,25,40,138,66,1,174,140,175,37,182,136,139,71,38,125,0,72,127,33,45,178,135,137,126,23,68,134,26,124,3,31,106,92,91,39,128,2,41,141,129,8,96,67,94,4,28,95,110,9,177,176,97,93,10,102,122,118,5,11,108,57,104,113,105,114,109,12,100,90,98,56,130,121,103,117,112,6,145,144,101,55,54,111,107,53,146,147,99,7,13,119,52,14,51,120,115,116,50,185,15,131,156,65,86,148,157,158,149,155,154,132,88,160,159,161,150,76,64,78,29,82,143,27,151,84,62,179,162,80,152,58,63,61,60,163,59,133,153,169,170,168,171,173,172
19,80,84,78,82,88,76,86,120,115,119,116,61,122,99,111,114,117,118,121,112,107,103,100,101,98,104,51,113,50,52,105,109,102,55,54,108,53,60,110,90,56,93,97,64,96,94,95,29,62,57,92,91,106,65,31,41,124,144,174,47,145,126,42,146,43,125,37,168,45,128,147,25,23,169,181,127,46,129,40,123,35,148,27,130,185,182,180,170,36,135,30,134,39,49,38,131,183,155,149,34,154,48,28,19,33,16,17,18,164,0,137,184,175,150,165,20,63,132,22,8,7,6,151,72,5,26,136,1,2,177,176,21,24,4,15,3,9,14,171,13,11,12,10,156,157,44,73,152,153,158,159,69,138,59,139,70,68,81,178,166,58,85,89,32,163,162,74,133,77,71,87,79,140,83,179,173,167,141,172,160,142,161,66,143,67,75
20,75,1,0,3,2,8,9,166,10,11,12,4,87,13,83,89,66,14,85,79,5,15,81,77,67,142,6,181,140,7,182,138,71,139,68,70,160,158,73,58,143,156,69,159,72,21,161,141,157,136,106,22,18,17,185,20,16,91,19,24,137,92,57,26,179,110,154,165,56,94,155,108,95,90,122,30,123,176,164,96,184,44,98,32,167,93,25,109,180,183,52,53,114,51,102,50,134,135,39,113,54,97,55,38,59,34,105,107,100,112,104,99,118,35,117,101,31,121,111,103,171,162,175,46,40,115,116,42,23,163,119,43,48,27,120,47,174,36,127,64,125,49,63,33,126,124,74,128,28,145,45,146,129,65,41,144,60,147,62,37,130,177,178,149,148,150,169,131,88,29,152,151,86,132,153,133,76,172,61,84,82,173,78,168,80,170
21,170,80,84,78,82,88,61,86,37,65,76,29,64,36,49,62,131,48,149,28,148,147,130,129,60,63,144,145,41,146,128,124,45,125,127,33,126,151,132,165,150,164,47,43,42,118,119,34,46,120,178,35,115,102,103,116,114,121,94,101,40,104,100,105,98,31,117,96,97,30,99,111,173,90,93,92,54,55,107,110,113,95,112,53,52,51,56,50,122,109,73,152,23,72,174,57,69,135,108,16,19,17,18,134,39,81,77,175,123,183,180,167,176,32,184,27,133,169,20,177,172,171,162,38,59,74,25,85,89,91,44,70,106,68,22,71,21,79,87,83,185,153,179,26,7,155,6,137,154,15,24,5,163,13,136,14,67,4,11,182,12,10,9,8,66,58,166,141,157,3,2,139,156,160,142,138,181,161,140,158,159,143,168,0,1,75
22,123,174,118,168,114,91,110,122,102,56,55,106,95,54,119,94,98,92,96,120,115,104,100,111,103,116,112,99,107,121,108,117,97,57,93,113,101,109,105,53,90,51,52,50,89,88,85,16,81,18,86,87,17,19,73,77,84,0,83,20,1,79,82,65,42,80,69,21,47,31,35,36,3,2,78,43,72,30,34,4,37,185,22,5,71,41,48,40,175,70,46,125,124,145,144,9,8,127,7,126,6,11,64,10,49,13,12,147,61,146,68,128,177,14,15,39,62,129,184,45,76,23,29,28,135,167,148,67,149,33,130,66,63,38,75,169,164,134,131,166,178,180,165,27,60,183,132,44,26,150,151,137,24,171,155,172,136,154,179,152,176,173,163,32,162,74,59,133,25,138,153,143,182,58,181,139,156,157,158,140,142,159,141,161,160,170
23,0,1,168,8,3,2,9,89,11,10,87,85,4,81,83,13,12,123,5,174,106,77,79,14,15,75,122,6,73,110,16,7,17,57,18,114,56,102,118,92,98,94,111,55,107,19,54,115,91,22,119,108,20,71,90,69,185,103,109,95,53,113,52,66,99,21,51,96,93,72,50,70,97,117,100,121,104,105,101,112,175,67,116,120,166,68,167,65,143,179,35,88,47,181,86,182,34,163,31,42,46,30,64,43,180,184,84,183,125,36,40,39,145,144,127,176,177,82,124,126,62,146,44,169,147,63,23,48,135,41,178,58,78,128,24,45,155,134,33,38,80,154,156,138,76,26,129,137,136,27,61,37,157,142,158,49,171,60,28,139,153,25,172,148,140,159,74,133,32,59,162,149,130,161,164,160,165,29,131,141,150,173,132,151,152,170
24,75,179,66,1,138,67,139,140,3,2,0,10,9,11,12,13,4,8,77,79,14,136,141,83,87,5,15,24,156,68,21,81,58,85,157,89,22,26,159,6,185,137,158,7,70,166,178,71,69,20,106,18,17,91,73,16,142,19,160,72,30,161,154,92,134,44,155,135,57,184,25,167,90,183,177,123,48,74,110,108,94,95,171,32,56,52,27,50,109,23,51,98,96,169,93,49,53,164,31,114,113,165,54,97,34,55,102,35,46,107,172,105,36,112,176,28,100,117,99,101,104,173,121,111,118,122,103,43,116,42,47,115,127,182,119,120,125,40,126,45,128,129,124,39,33,37,59,130,174,143,146,145,41,175,168,38,131,147,144,150,132,152,151,149,29,148,181,64,65,62,63,180,60,153,162,170,133,163,88,86,76,61,84,82,78,80
25,80,78,82,84,76,86,88,29,124,31,181,126,125,41,42,128,127,120,134,43,135,30,116,119,115,182,129,23,144,37,137,118,100,112,104,111,114,61,145,47,146,40,102,35,107,98,136,121,99,117,36,103,130,113,28,147,101,108,109,110,51,93,25,90,27,50,123,52,183,96,105,53,138,94,54,148,55,174,167,97,95,91,46,180,34,154,26,45,122,65,155,92,48,139,24,56,38,131,22,19,164,49,106,16,165,20,18,17,74,33,184,149,156,178,140,57,158,132,166,157,21,39,62,185,64,179,150,159,176,177,175,44,77,0,141,162,81,85,89,160,142,60,6,2,73,32,1,4,5,7,3,151,72,87,8,10,12,83,14,69,79,161,9,70,11,13,15,163,152,63,68,71,143,75,58,66,153,59,133,67,168,169,173,171,172,170
26,89,85,81,77,75,87,83,79,73,69,66,16,17,21,18,70,1,20,68,72,9,19,71,22,67,8,48,11,3,36,0,10,49,142,2,165,37,35,164,34,30,13,4,12,47,46,5,42,43,15,14,179,7,178,6,40,141,127,33,28,44,92,125,45,31,106,41,39,129,126,38,124,94,128,167,131,96,140,130,123,57,95,91,97,135,24,32,102,110,25,122,23,174,26,65,118,93,185,56,134,105,90,98,145,104,54,55,103,114,147,100,184,144,136,176,101,166,137,132,108,113,146,121,143,138,109,175,117,99,53,111,52,183,177,107,112,139,119,88,51,64,115,149,50,120,86,116,148,151,58,29,62,182,150,63,61,84,60,180,82,169,160,155,154,27,162,59,133,74,161,78,152,80,170,76,156,157,181,158,159,163,173,153,172,171,168
27,66,68,151,67,152,69,150,58,149,70,132,131,72,148,71,92,28,96,94,97,105,130,147,90,73,95,101,60,93,48,103,121,129,117,104,100,102,45,106,109,46,98,113,50,99,119,120,118,116,107,36,51,62,108,146,53,128,91,64,115,61,111,110,52,112,114,55,34,54,56,44,127,145,65,30,29,47,49,144,57,33,42,125,126,179,35,153,77,124,75,83,185,43,79,84,80,40,81,41,87,88,85,82,37,89,31,86,15,7,59,78,32,133,135,27,13,134,6,26,63,11,14,74,12,76,21,5,10,4,123,39,141,161,20,38,155,137,9,22,19,122,17,18,160,16,3,136,154,2,157,8,178,23,159,139,1,173,138,156,140,158,162,171,0,142,174,172,184,183,177,164,24,165,170,163,166,167,143,175,25,168,169,176,180,182,181
28,75,140,160,161,141,1,138,142,0,3,66,139,2,159,158,67,143,4,156,9,10,136,89,12,11,8,87,83,157,77,85,21,5,13,79,81,14,26,22,137,20,18,15,106,17,44,6,16,71,69,19,70,7,68,58,74,91,73,27,39,154,38,134,30,32,92,155,135,31,72,123,163,110,35,162,108,57,166,24,95,90,94,34,46,56,109,96,51,98,50,53,113,93,185,114,52,55,102,107,97,54,112,47,40,111,105,99,42,43,100,104,117,101,103,121,118,133,122,152,168,33,127,115,45,125,116,119,174,179,126,23,120,171,48,124,153,128,129,41,130,36,49,150,151,145,146,28,132,147,144,131,59,149,172,169,148,167,29,164,37,165,173,175,65,63,25,184,64,86,177,183,62,88,60,76,182,178,61,84,181,82,176,78,180,80,170
29,75,1,161,160,0,3,2,66,9,67,8,10,11,12,4,13,159,83,87,158,14,5,140,79,89,85,15,138,81,156,77,106,141,6,157,58,139,71,7,68,70,91,69,73,92,142,110,57,108,136,72,143,90,95,94,56,50,51,109,53,98,52,74,114,21,113,154,44,102,96,55,54,107,93,123,137,112,99,97,32,105,111,155,100,117,101,104,27,121,118,103,26,20,162,18,22,163,39,17,16,122,115,38,19,116,119,120,59,134,31,30,135,166,185,35,34,152,46,153,133,24,40,33,179,47,43,42,45,127,151,125,150,146,145,63,126,147,144,124,174,41,128,129,149,171,65,64,23,148,48,130,28,172,36,60,168,131,132,62,49,29,88,86,76,167,61,84,37,173,82,175,164,78,169,25,80,165,184,177,183,182,178,181,176,180,170
30,75,1,0,2,3,160,140,161,138,9,8,10,11,12,143,141,4,139,156,13,159,158,67,14,66,5,157,15,87,142,136,83,89,6,58,85,79,7,81,71,137,77,21,154,18,20,17,70,155,16,22,44,73,163,19,69,68,39,134,135,72,26,27,31,106,59,133,38,35,32,30,46,91,185,162,153,47,24,40,43,74,42,34,92,174,110,57,127,108,125,152,45,95,126,56,90,94,124,109,33,145,98,55,51,41,113,53,50,128,52,96,114,146,107,93,54,123,112,144,102,97,23,99,111,129,147,105,104,100,103,117,150,101,48,121,130,118,49,151,63,115,36,116,149,148,119,131,122,120,132,28,166,29,179,65,60,64,62,37,168,88,86,61,172,171,76,164,175,25,84,165,82,173,167,78,169,80,182,184,177,183,181,176,180,178,170
31,75,1,0,2,3,138,8,10,9,21,4,18,17,140,12,11,16,20,139,136,19,13,14,5,22,89,156,141,15,137,85,6,87,157,81,66,7,83,77,134,79,135,67,44,159,158,154,174,26,31,39,24,155,71,73,30,143,46,35,142,47,70,43,42,69,40,127,125,160,126,23,124,166,34,38,72,45,27,41,128,161,58,68,48,129,133,49,145,36,168,144,32,146,130,33,185,147,131,28,164,153,37,165,132,150,148,149,29,152,151,59,74,169,175,106,167,182,123,163,91,171,92,181,63,65,57,110,173,56,108,95,94,172,55,96,25,90,109,114,54,93,98,113,97,102,107,112,52,111,53,62,99,104,51,105,118,100,50,64,103,117,121,101,86,88,179,115,116,119,122,60,120,162,61,176,184,76,180,183,177,82,84,78,80,178,170
32,1,75,0,3,2,8,9,10,11,12,4,13,14,5,15,89,66,87,85,83,6,81,7,79,77,140,138,139,156,158,159,160,58,157,67,142,161,70,73,68,136,71,72,141,69,137,185,21,154,17,18,106,155,16,143,20,22,19,91,134,92,135,57,44,166,110,39,108,31,90,94,30,95,24,56,26,98,109,96,114,35,113,93,50,51,102,53,52,97,112,107,55,100,54,46,99,105,104,74,38,117,32,122,111,101,121,118,34,43,103,127,47,40,42,125,126,116,115,59,145,124,27,146,119,144,120,183,128,163,45,129,147,33,41,64,162,23,123,130,60,150,65,149,148,62,152,153,36,48,184,131,88,86,151,25,133,63,181,49,182,28,132,29,171,164,76,174,165,167,84,37,82,61,179,78,180,172,169,80,175,168,173,177,176,178,170
33,80,78,84,82,86,88,65,61,76,37,47,124,36,144,43,41,125,42,145,126,127,64,146,147,89,35,73,62,46,48,128,81,85,16,45,129,49,29,17,34,77,31,18,148,19,40,30,119,118,28,120,130,115,149,69,72,33,170,87,20,102,174,116,103,104,100,114,121,111,99,55,98,117,96,101,54,94,105,79,83,97,56,131,95,112,135,107,122,110,123,60,93,113,53,21,57,70,63,134,109,108,52,51,90,92,50,23,91,22,6,106,39,7,8,5,150,9,71,4,0,44,2,68,10,11,164,3,1,13,165,173,12,151,15,14,155,137,38,154,132,172,169,185,136,74,66,32,27,26,168,171,67,75,24,25,156,157,59,152,138,175,139,184,58,158,159,140,180,182,167,181,141,177,176,166,153,183,133,162,160,142,179,161,178,163,143
34,89,85,8,0,87,1,9,81,83,10,11,75,2,79,3,77,13,12,4,73,14,5,16,15,17,71,6,18,66,72,70,7,67,69,19,44,68,20,39,38,21,32,40,47,46,42,125,34,43,45,127,41,124,126,65,22,35,33,145,144,36,135,128,30,129,134,146,63,133,64,136,88,147,168,166,86,48,137,28,138,49,130,62,154,31,155,156,139,23,148,58,157,59,167,149,153,84,131,26,37,140,82,174,24,61,60,171,150,158,78,80,151,185,76,159,143,173,141,57,132,172,106,29,152,91,95,110,92,56,123,94,118,96,102,97,55,114,164,54,122,169,74,103,165,93,98,111,105,25,108,119,104,99,113,115,121,117,107,100,109,90,53,101,112,52,116,51,120,160,142,50,161,175,27,163,179,183,182,181,176,177,180,162,184,178,170
35,75,1,0,3,2,9,8,11,10,89,66,4,12,85,13,87,83,81,5,77,14,79,67,15,6,7,73,71,69,70,68,72,143,17,16,18,21,58,20,160,140,19,138,161,156,142,22,158,141,159,139,157,106,136,44,74,39,185,137,163,31,91,154,35,30,57,155,92,133,135,34,47,134,110,27,46,26,32,153,123,179,56,43,94,95,40,38,42,108,114,98,90,102,127,125,55,96,54,109,53,118,52,59,122,145,51,113,33,126,107,50,93,97,168,45,99,144,111,124,146,112,100,105,103,104,117,65,121,41,147,101,128,115,36,129,119,162,48,24,166,116,28,174,152,120,63,64,49,149,130,86,150,23,151,88,148,131,29,171,62,182,172,132,60,37,173,76,169,84,61,82,167,78,175,181,164,25,165,176,80,184,177,183,180,178,170
36,75,21,18,17,16,20,19,1,2,89,0,3,22,9,66,85,4,10,174,11,8,12,81,138,87,77,67,136,13,139,140,5,83,14,79,137,15,73,141,71,44,69,6,135,46,134,35,7,70,47,156,31,24,43,142,42,157,30,48,125,127,49,126,154,23,124,68,143,34,45,72,155,40,36,26,159,58,185,128,164,165,158,41,39,145,129,37,144,146,33,130,147,131,32,160,74,166,28,132,169,133,148,149,150,27,161,38,151,59,29,152,168,123,182,153,106,175,184,91,171,65,92,25,56,57,95,110,108,63,94,96,55,97,109,93,54,90,113,114,112,181,107,102,111,98,105,104,86,103,118,99,53,100,52,62,117,88,121,101,51,50,163,115,116,119,64,122,120,61,173,60,76,172,183,82,167,162,84,176,177,180,78,179,170,80,178
37,89,85,81,66,9,87,1,83,11,73,2,10,3,77,0,13,69,8,4,5,12,70,15,14,79,7,6,68,72,71,75,67,86,65,88,58,82,84,64,179,62,16,145,17,144,125,185,127,146,124,18,147,47,126,61,60,78,28,19,20,41,80,128,129,43,31,142,21,36,35,29,30,45,76,148,149,42,40,46,135,34,63,130,33,182,134,153,163,131,39,22,150,143,151,136,57,155,137,154,44,106,48,156,37,118,49,114,102,110,138,157,140,98,92,94,74,133,167,141,91,54,95,32,56,59,96,119,115,55,158,103,90,111,104,100,132,99,139,27,107,38,53,52,121,97,117,108,105,93,113,101,51,109,112,120,50,159,160,116,162,26,152,23,122,161,25,24,123,166,176,164,181,184,165,174,168,175,178,169,180,177,183,173,171,172,170
38,75,66,89,67,85,77,81,87,83,1,79,69,9,68,0,3,11,73,8,70,142,2,10,71,13,12,4,14,15,5,72,143,21,17,16,18,58,141,7,6,140,20,19,22,44,138,139,30,136,34,35,185,46,39,137,74,32,160,47,26,38,106,161,135,40,42,43,48,134,31,36,91,133,127,92,45,125,57,49,33,156,24,126,157,124,95,94,129,28,128,96,159,110,41,158,56,166,97,93,179,102,130,90,108,145,23,98,154,155,105,55,54,114,109,147,144,113,118,122,146,59,131,104,53,103,65,100,151,123,37,101,52,121,107,117,99,164,51,111,112,169,50,153,152,163,132,149,167,165,150,162,119,115,148,184,168,116,120,64,25,27,171,63,174,62,86,88,172,173,29,60,182,183,61,76,175,84,82,178,78,176,177,181,80,170,180
39,80,82,84,78,86,88,61,65,76,29,144,64,145,62,147,146,124,125,41,148,126,149,127,37,47,28,60,36,128,129,73,45,43,131,89,130,69,85,42,81,33,150,72,46,49,77,35,151,48,63,34,40,16,70,31,68,17,173,7,87,30,132,6,18,83,9,19,5,11,15,79,13,8,4,10,71,135,20,182,179,14,39,12,134,66,2,185,3,44,21,23,0,74,27,1,38,32,155,22,152,67,162,118,119,170,154,168,59,153,115,163,120,102,114,103,58,116,176,133,137,111,121,104,100,98,99,54,117,55,101,94,96,107,105,57,97,110,26,56,95,122,112,93,113,136,53,90,52,184,142,92,109,51,174,50,164,108,123,169,172,165,106,75,91,157,156,143,25,181,171,167,24,158,138,175,159,141,160,139,178,140,161,180,183,166,177
40,139,140,142,138,136,141,137,134,135,156,157,154,130,159,124,126,45,128,155,41,158,131,129,125,23,127,150,24,143,132,49,43,148,44,160,47,46,29,37,146,26,149,144,147,42,145,39,151,40,48,33,31,161,152,133,38,35,164,20,19,167,36,28,165,30,168,22,21,18,17,16,27,32,25,162,34,58,166,74,59,61,153,163,78,76,82,60,80,86,185,169,62,84,63,174,88,184,65,73,69,182,6,70,15,7,14,173,12,13,5,72,71,4,75,64,89,66,67,85,2,10,11,170,68,181,3,81,77,171,172,9,87,83,8,79,1,0,120,116,112,111,107,97,103,119,115,104,108,109,93,105,113,95,99,117,121,96,101,100,90,55,94,56,53,54,50,51,110,180,52,114,98,118,102,91,92,57,183,106,175,122,123,177,176,178,179
41,75,140,138,139,1,0,159,141,158,2,3,156,157,160,161,136,8,10,9,12,4,11,14,13,5,137,66,15,24,6,21,26,87,67,22,166,83,7,154,79,142,89,20,58,155,85,18,81,17,77,71,19,16,44,106,134,143,91,70,135,32,27,92,68,73,72,108,30,57,69,23,110,109,90,31,95,50,113,51,93,94,179,56,52,153,96,53,185,98,112,97,25,39,123,107,35,55,105,74,54,46,114,100,102,38,99,117,101,104,111,172,121,34,122,103,171,167,40,174,116,168,118,133,59,115,42,43,163,152,169,127,120,47,119,33,125,164,165,126,128,45,48,129,130,124,28,181,131,49,150,36,146,145,132,41,175,173,144,151,147,148,149,63,182,162,29,64,37,60,177,183,62,176,65,180,184,88,86,76,178,61,84,82,78,80,170
42,16,17,18,89,19,174,85,20,81,77,47,21,42,43,73,35,46,87,36,125,22,31,48,69,124,127,126,41,30,34,40,83,37,79,75,49,0,1,145,144,2,128,45,3,4,70,147,129,146,8,9,5,135,39,10,72,11,44,86,134,6,12,13,7,28,88,71,33,130,123,66,65,14,168,68,164,148,29,23,15,131,165,149,38,82,137,136,78,84,185,26,67,80,167,150,132,166,76,61,74,155,154,138,151,106,118,27,110,62,24,95,56,102,64,91,96,94,114,55,92,175,139,32,57,119,97,103,54,104,111,115,98,108,100,93,142,107,121,99,117,105,112,113,120,109,116,101,90,140,122,156,53,184,157,52,51,141,50,182,169,63,60,152,158,58,159,173,143,181,180,160,176,177,183,161,59,133,25,162,172,171,178,153,163,179,170
43,179,68,131,28,66,130,151,37,48,132,60,58,129,61,36,149,150,128,45,96,97,69,148,49,105,127,64,80,94,62,126,124,93,104,101,92,125,120,100,95,121,84,103,72,65,46,90,117,116,147,67,119,70,102,113,109,99,42,112,30,98,115,107,146,50,111,47,118,82,51,53,43,108,41,52,88,29,134,135,54,55,145,114,91,185,56,144,110,73,44,78,40,34,152,33,35,57,106,137,86,76,141,71,136,26,31,142,139,63,140,138,77,23,81,85,74,89,83,32,155,59,79,22,87,178,21,38,154,20,39,19,160,75,122,17,16,18,157,27,15,7,162,24,13,6,161,11,156,14,12,159,10,5,158,4,9,153,123,184,3,2,133,8,164,177,183,25,1,165,174,170,0,163,173,143,172,171,175,167,166,169,176,182,168,180,181
44,140,138,139,75,141,136,67,66,160,161,137,159,156,1,157,158,3,2,26,58,12,0,10,11,9,4,13,14,106,83,21,87,134,142,71,44,8,91,68,5,15,135,22,154,79,89,155,85,92,20,70,6,39,81,30,77,69,7,18,95,108,90,17,94,38,27,133,72,110,19,73,96,109,93,16,50,51,57,97,113,53,98,52,46,56,105,112,107,31,102,32,104,35,153,99,100,55,101,143,54,114,111,117,24,103,121,152,34,40,127,42,43,47,116,45,118,125,59,126,129,128,130,115,120,185,119,124,28,131,48,151,132,33,150,41,23,146,122,49,36,147,145,149,166,144,148,171,163,63,179,29,74,123,162,172,60,37,64,65,62,173,167,88,174,164,25,61,86,168,76,165,84,82,80,78,169,184,175,183,177,178,170,182,176,181,180
45,75,89,140,138,85,87,142,1,83,139,81,21,67,0,79,66,77,18,17,141,16,20,2,8,3,9,136,22,19,10,24,71,11,44,4,143,12,73,137,13,69,70,14,5,68,32,25,38,72,15,156,26,134,165,6,135,39,30,169,164,46,7,157,160,34,158,40,42,48,35,23,159,47,43,49,161,36,154,127,125,45,155,126,166,124,31,58,174,33,128,41,106,91,129,37,170,185,92,28,175,57,59,130,95,145,94,123,144,181,96,146,110,56,97,93,147,108,122,90,55,109,102,54,183,113,53,105,63,98,131,52,182,104,114,179,112,51,107,100,103,111,118,50,101,99,117,121,171,65,148,176,177,132,149,180,115,119,116,27,74,162,184,133,120,167,172,163,64,150,173,151,178,62,29,152,168,88,60,86,153,61,84,76,82,78,80
46,1,75,0,3,2,9,8,10,11,12,66,13,4,14,15,140,5,67,83,87,143,142,138,141,79,89,6,85,139,7,160,161,81,77,58,158,156,159,71,157,68,70,136,21,22,185,106,72,73,137,69,20,18,17,91,24,16,179,163,19,166,26,92,154,155,57,44,110,134,39,108,135,90,30,94,95,56,109,133,98,38,96,50,51,93,153,52,53,32,113,114,167,102,97,183,54,55,31,59,107,112,105,162,99,100,104,117,101,35,111,121,122,34,118,103,46,40,27,25,23,115,123,116,42,184,43,119,47,182,127,120,125,126,152,181,124,129,128,33,48,45,36,28,41,145,146,130,63,144,49,132,147,64,131,151,150,164,174,165,60,149,148,62,65,74,175,29,178,37,177,180,168,88,176,86,169,61,76,84,82,78,171,172,80,173,170
47,75,142,140,141,67,66,161,143,160,138,139,1,3,0,2,159,58,166,79,83,158,87,12,10,24,11,9,71,77,8,21,4,14,13,136,22,89,156,85,68,26,15,157,81,5,70,165,137,20,69,6,164,7,106,18,17,44,19,175,73,16,91,181,179,38,27,32,169,123,74,59,72,162,92,25,184,39,182,167,172,163,185,183,177,30,133,154,176,134,180,171,57,178,155,135,108,95,110,174,90,94,96,56,109,93,23,152,31,50,97,51,34,53,35,52,113,153,173,98,46,55,54,105,122,102,48,112,107,114,40,101,104,100,99,117,121,111,49,103,170,132,118,42,43,33,47,116,151,115,36,127,119,120,45,28,129,150,125,130,131,128,126,124,37,41,149,63,146,147,145,168,144,148,29,60,64,62,65,76,86,88,61,84,82,78,80
48,168,41,39,124,126,29,125,128,127,134,43,130,42,133,135,144,31,40,38,27,145,129,131,23,17,154,16,136,137,19,146,47,18,155,147,20,148,156,132,153,138,80,30,157,24,21,139,28,46,82,45,78,22,35,76,26,37,149,84,150,86,36,140,88,49,167,48,169,0,61,171,2,158,166,4,33,6,159,5,173,25,174,34,3,143,151,172,7,1,141,12,14,8,10,62,44,152,13,9,65,15,60,11,163,64,74,63,164,89,185,165,85,87,81,73,83,72,79,77,32,182,120,115,116,119,160,142,111,112,71,107,99,103,70,104,118,55,100,114,108,54,117,102,121,110,98,56,113,95,101,109,93,97,105,96,90,53,52,94,51,50,59,91,161,69,181,57,106,123,92,58,122,162,175,68,184,75,179,176,170,180,183,177,66,67,178
49,75,1,0,3,2,9,8,10,11,66,12,13,4,14,15,5,87,89,83,85,67,79,81,6,77,7,143,140,142,160,138,141,58,161,70,139,71,68,156,158,159,73,69,157,72,136,21,17,18,185,22,16,20,137,179,19,154,106,163,44,155,24,39,26,91,74,134,135,133,32,92,30,57,38,31,35,110,153,183,48,46,94,90,108,34,95,27,56,182,40,59,98,162,49,114,96,109,47,102,52,122,53,51,50,93,43,113,42,54,127,97,55,36,125,107,123,105,99,112,118,100,33,104,117,111,101,126,121,166,23,45,103,124,145,146,128,129,41,144,115,152,147,116,25,28,119,184,181,130,120,37,64,65,150,131,63,151,132,149,174,148,62,60,164,169,29,165,178,86,88,172,171,175,167,180,177,176,76,173,61,84,82,168,78,80,170
50,1,0,3,2,9,75,8,10,11,12,13,4,14,66,15,5,89,87,83,85,6,7,81,79,77,58,67,70,68,73,71,69,142,72,140,185,156,160,138,158,159,139,157,161,136,141,143,21,17,18,106,16,20,137,154,19,155,22,166,91,92,57,134,135,110,44,31,108,90,163,94,30,39,95,56,98,114,96,109,102,35,93,26,113,50,51,52,53,97,55,107,54,100,112,46,99,105,118,127,104,117,24,153,34,101,111,125,121,40,47,179,43,59,103,145,74,42,38,122,183,64,146,32,126,144,124,162,147,115,116,27,128,60,129,119,65,167,45,120,62,33,41,150,152,149,133,184,130,123,182,151,88,148,86,131,36,63,23,28,132,48,49,29,76,181,84,25,82,61,174,37,78,171,80,164,165,172,180,175,173,168,178,177,176,169,170
51,75,140,142,141,138,139,143,21,174,18,20,1,17,0,2,16,136,3,22,19,156,10,9,12,160,8,4,11,67,137,89,157,66,13,14,159,158,161,87,85,24,81,5,79,15,77,44,83,134,135,6,154,71,7,26,155,31,46,35,73,70,58,30,69,39,47,23,166,43,42,175,165,164,40,48,34,185,68,168,49,125,127,32,72,126,45,38,124,163,36,128,41,27,182,33,59,129,145,181,144,37,146,130,162,147,123,169,171,173,74,28,131,172,150,132,148,149,183,177,106,167,152,29,151,184,176,180,133,25,91,63,179,92,56,57,110,108,95,153,55,94,109,96,90,93,54,97,113,65,112,107,114,98,52,53,111,102,105,51,99,50,104,103,117,100,118,101,121,122,115,62,116,178,119,64,120,60,86,88,61,76,170,82,78,84,80
52,48,46,49,36,47,37,42,43,125,124,126,127,45,128,41,34,30,35,44,129,16,135,17,40,18,134,19,20,28,21,145,33,144,130,147,146,38,136,31,39,137,167,148,22,164,26,149,32,131,165,29,138,23,150,140,89,139,155,73,141,154,85,69,81,166,72,70,151,142,68,132,174,156,87,71,157,77,65,83,79,66,6,4,7,67,5,64,24,10,2,12,62,27,14,13,11,3,15,88,9,158,61,86,159,160,8,63,84,60,1,75,82,80,152,0,185,161,78,58,162,59,123,96,94,95,97,92,118,93,102,173,103,110,119,105,104,175,55,121,91,100,56,117,115,114,111,120,54,101,90,98,113,106,107,99,116,112,109,108,76,57,53,52,51,50,184,168,122,169,182,143,183,179,181,177,176,171,180,153,172,25,133,163,74,178,170
53,138,136,17,18,16,21,140,20,19,139,137,22,30,134,135,2,26,1,0,31,3,39,42,156,4,43,125,40,127,10,8,124,38,126,46,35,47,141,157,12,41,154,9,89,128,5,14,169,155,28,11,6,85,129,36,13,34,44,81,48,27,23,158,130,7,145,45,49,144,77,15,29,146,24,87,147,159,37,83,75,79,131,33,73,164,165,148,142,160,149,72,70,132,174,69,32,150,66,71,161,68,185,67,151,166,171,65,168,106,123,88,91,58,182,86,92,152,110,64,94,62,57,95,108,114,96,98,90,56,102,93,55,54,109,118,170,104,100,97,107,113,112,175,53,179,111,52,173,99,183,51,143,117,105,50,103,121,101,181,115,84,116,61,119,60,120,82,63,122,76,80,78,167,172,59,25,162,74,133,184,180,177,176,153,178,163
54,75,1,0,2,3,89,9,85,8,11,10,87,4,12,83,13,81,66,5,14,77,15,79,17,16,18,21,67,143,20,6,73,7,19,71,142,22,69,70,140,138,182,72,136,68,185,139,141,137,31,30,47,135,35,156,134,46,43,42,58,125,127,157,44,126,124,34,154,39,40,155,24,36,158,41,128,26,163,48,145,45,144,159,179,129,23,146,49,147,28,33,130,106,133,160,32,27,174,37,65,91,131,169,161,38,29,59,57,153,92,110,148,56,95,149,63,94,108,114,132,96,55,102,54,64,90,98,118,150,93,109,97,113,107,164,53,62,52,111,88,86,25,112,99,104,51,100,162,103,50,105,151,117,121,165,101,181,115,119,123,74,152,122,176,116,60,120,184,61,84,82,76,175,78,80,178,170,183,180,177,166,168,171,173,167,172
55,75,143,142,67,66,87,83,89,79,85,71,1,140,141,166,81,77,3,0,9,68,21,2,11,8,70,10,165,138,69,12,13,22,164,18,20,73,139,17,4,14,16,15,161,44,19,24,5,72,58,160,133,32,181,163,184,136,38,39,167,59,6,7,25,162,183,180,175,137,34,169,26,182,106,46,30,174,91,185,35,48,159,158,156,92,49,135,40,134,157,47,57,42,43,170,95,123,23,94,36,122,171,172,96,33,110,56,45,97,93,108,31,90,127,153,109,113,105,55,125,102,53,154,54,155,98,37,52,51,126,50,104,41,101,112,114,103,107,152,63,173,121,117,128,129,100,99,124,111,118,177,176,130,74,27,115,119,116,28,120,178,145,132,131,146,151,147,144,168,149,150,148,64,65,179,62,60,29,88,86,61,84,76,82,78,80
56,21,17,18,20,16,19,26,136,30,22,138,31,39,46,137,134,139,43,42,47,135,35,140,127,125,126,27,124,133,141,128,40,41,129,169,44,34,130,132,38,45,131,48,49,36,28,75,23,156,145,2,144,33,157,37,29,154,147,146,89,3,1,24,155,164,4,0,85,150,149,81,148,165,77,12,153,10,5,151,14,32,73,174,6,87,159,8,152,142,69,9,158,11,13,83,7,66,70,15,79,71,72,143,185,68,67,160,161,166,74,171,106,168,91,182,123,92,58,110,95,94,170,96,108,65,90,93,102,97,109,114,98,107,56,111,113,104,112,118,55,54,100,103,105,99,53,117,121,57,86,101,115,52,51,50,119,116,88,184,120,175,61,62,122,163,82,64,84,173,76,63,181,60,78,59,162,25,80,172,179,183,167,177,176,180,178
57,139,138,140,159,158,156,157,141,136,160,161,137,154,155,134,142,24,135,132,26,152,44,23,150,31,130,143,58,128,126,131,22,39,124,129,127,125,45,46,148,43,185,41,38,25,74,183,146,162,27,151,21,40,30,149,20,35,145,42,147,133,144,47,2,32,3,33,108,19,153,91,112,109,1,18,163,90,12,113,4,75,14,106,29,93,17,166,107,5,0,50,6,51,95,111,116,92,110,97,96,104,105,100,49,99,34,101,16,117,94,120,121,52,184,53,7,98,15,10,13,164,103,48,114,115,165,102,11,56,55,119,54,28,9,118,8,57,36,70,87,37,83,174,66,85,89,73,76,72,167,82,71,86,62,60,69,81,79,77,122,59,68,88,78,61,84,65,64,180,80,67,181,123,63,182,177,175,178,179,176,169,168,172,171,173,170
58,140,138,2,1,75,3,156,10,0,9,12,139,8,11,4,14,157,13,141,158,136,160,15,5,159,66,6,137,7,89,142,154,85,21,161,17,18,81,155,20,16,87,83,77,67,134,19,79,135,58,22,44,39,26,70,73,31,30,71,69,38,46,68,35,42,43,169,40,47,72,125,127,27,126,24,124,32,34,41,45,128,145,146,144,129,23,33,147,48,49,36,130,185,28,29,148,143,150,149,59,164,131,174,37,165,74,151,166,132,65,162,63,62,152,106,60,64,182,171,123,179,168,183,91,181,92,86,57,110,88,56,108,175,90,95,94,163,98,114,61,109,55,96,54,52,93,113,102,53,107,51,50,97,112,99,76,111,100,118,105,117,104,121,101,103,115,173,116,82,119,120,84,122,153,78,184,172,176,180,177,25,133,167,170,80,178
59,75,160,156,138,2,158,3,159,157,140,1,161,4,12,10,11,141,9,0,139,13,14,66,5,8,136,15,89,154,6,18,17,85,16,20,58,67,81,7,155,21,137,19,87,77,142,174,79,44,83,70,134,73,22,71,69,135,31,46,68,35,47,43,39,72,42,74,145,125,144,30,45,40,126,127,146,124,34,41,48,27,166,147,49,32,59,33,26,168,38,128,23,36,24,143,148,167,150,129,185,149,37,29,164,165,130,123,162,151,65,63,28,131,62,86,88,152,60,64,76,106,163,175,61,132,91,78,82,56,110,57,108,92,55,84,95,109,114,54,90,107,113,112,94,98,111,52,96,99,53,93,102,97,51,118,80,50,103,117,105,100,115,104,101,121,116,119,169,120,182,122,181,183,177,179,153,184,180,176,133,25,178,173,171,172,170
60,75,156,10,140,9,138,11,12,157,160,2,13,141,4,3,8,14,89,136,15,66,139,5,85,1,158,81,159,6,77,0,7,87,17,16,18,154,137,142,79,44,20,83,155,19,134,21,161,135,58,73,70,69,67,125,127,39,126,124,47,31,46,43,145,45,35,144,42,146,71,41,74,40,22,128,30,147,38,167,33,129,68,34,32,148,49,72,36,130,149,48,150,29,26,166,27,28,37,131,23,24,151,168,185,65,132,164,86,165,62,59,174,76,78,88,64,152,61,60,63,82,143,162,84,169,80,183,182,123,181,106,175,179,57,110,92,91,163,56,114,173,108,95,94,90,96,98,118,55,102,54,109,107,97,113,112,111,93,99,100,117,103,184,105,104,115,121,52,153,101,53,119,116,51,50,120,177,25,133,180,176,171,172,122,178,170
61,75,16,17,166,18,44,21,20,66,19,89,39,85,46,81,77,47,43,4,10,2,45,3,136,40,12,11,125,42,127,35,67,9,126,22,8,13,70,69,41,1,14,38,135,124,134,73,49,5,30,48,87,138,128,0,6,31,137,34,36,79,129,15,139,167,33,145,83,7,144,133,130,141,147,71,146,140,131,32,156,37,150,149,157,26,68,151,148,132,165,154,28,164,155,72,23,152,29,27,74,159,58,174,158,153,24,168,160,161,142,65,59,86,62,185,63,169,88,143,64,61,76,82,175,60,78,123,84,80,106,182,92,95,91,57,94,110,96,56,97,171,55,118,108,93,102,90,114,103,54,105,109,98,113,111,104,107,99,112,121,100,117,101,119,177,183,115,53,52,116,184,120,51,50,181,176,180,173,162,25,122,163,172,178,179,170
62,80,82,84,78,41,124,88,29,86,61,126,125,76,144,128,127,134,145,135,42,43,146,130,129,31,47,23,147,137,40,37,154,148,136,131,155,39,45,35,65,28,36,30,46,19,62,16,17,27,38,18,25,149,49,64,20,138,60,48,156,22,139,24,34,132,33,157,21,150,26,63,120,174,116,119,115,140,104,111,158,100,112,0,118,99,103,107,102,114,98,121,117,101,2,55,6,54,113,105,8,108,93,52,96,109,53,4,97,51,110,94,5,95,185,56,90,50,7,44,159,164,10,14,12,3,1,151,57,9,91,122,89,13,92,15,165,73,85,11,81,163,182,72,106,133,141,87,153,77,83,152,179,79,143,32,74,162,59,123,169,69,160,70,181,71,142,176,184,170,175,161,58,68,180,183,168,177,178,75,67,66,166,173,171,167,172
63,66,179,9,10,11,12,1,13,8,83,68,14,87,15,2,3,0,4,70,85,89,5,67,7,6,79,58,81,72,75,185,71,69,77,73,64,153,62,60,65,106,92,151,132,91,57,94,21,110,146,145,96,149,90,95,147,127,152,131,97,102,150,98,144,16,114,18,93,17,125,28,109,20,108,118,113,129,105,142,63,22,56,52,155,88,156,101,117,100,121,128,19,44,148,135,30,104,157,50,126,40,34,46,99,107,51,36,55,136,124,54,103,154,112,130,53,111,86,47,134,137,45,35,32,141,140,167,42,138,43,115,119,33,59,116,184,163,120,139,133,159,48,31,158,41,84,161,166,160,82,49,61,29,24,39,26,38,23,122,162,183,37,143,182,76,80,123,78,174,178,25,27,74,181,164,176,177,175,165,180,168,173,172,171,169,170
64,143,75,142,174,140,1,0,141,21,138,2,20,18,3,17,16,22,139,19,9,168,10,8,11,12,4,13,136,89,67,24,14,66,5,87,156,85,15,81,83,137,160,77,79,163,166,157,161,159,175,158,6,71,182,7,44,181,134,135,73,185,58,154,23,70,69,31,26,35,46,155,39,47,30,43,42,165,164,40,68,133,48,72,34,127,49,125,126,167,124,38,45,123,27,173,36,172,184,59,171,162,41,74,177,183,180,25,128,32,176,169,33,145,129,153,144,37,146,130,147,132,106,131,152,91,28,179,150,148,149,57,151,56,92,110,108,29,95,55,178,94,109,63,96,54,90,93,113,97,112,107,114,111,98,52,53,102,105,99,51,104,50,103,122,118,100,117,101,121,65,115,116,119,120,62,64,60,86,88,61,76,82,84,78,80,170
65,1,0,2,3,21,17,18,16,20,4,19,136,138,22,8,166,10,39,5,26,12,139,137,27,31,9,30,140,14,11,135,134,6,156,13,167,35,157,7,168,42,38,47,43,154,46,141,15,89,125,127,40,155,126,124,85,41,34,133,87,128,44,81,83,158,129,159,23,145,130,144,45,146,36,75,28,29,79,147,153,24,48,131,77,73,132,49,33,174,71,66,70,69,37,148,67,149,72,150,160,32,164,68,161,151,152,165,185,106,143,91,142,92,123,110,58,108,90,98,94,114,95,56,102,169,57,55,109,96,54,107,53,93,52,113,51,118,50,111,112,99,100,104,97,103,117,105,121,115,101,65,119,116,88,120,86,122,64,63,62,179,163,175,182,59,60,84,181,82,61,171,80,76,162,74,25,173,78,184,176,172,180,183,177,178,170
66,75,1,67,0,66,3,2,8,9,10,83,87,89,11,79,85,12,4,77,81,13,14,5,71,15,6,69,70,7,73,68,21,140,138,58,18,17,139,20,16,22,159,156,72,158,19,161,157,141,166,160,136,142,106,44,143,39,26,32,74,137,123,91,133,169,24,27,38,30,59,92,57,154,34,35,31,153,155,110,185,134,135,46,56,95,94,108,171,40,90,96,53,98,109,55,54,52,93,42,51,152,102,50,47,43,114,97,174,122,113,105,107,179,33,99,118,112,165,164,100,104,111,101,127,117,103,121,48,23,125,45,36,126,63,175,115,151,49,41,145,129,116,119,124,146,128,28,147,144,150,132,120,163,130,149,131,65,148,181,184,25,162,37,176,29,64,180,183,177,62,182,60,86,168,178,88,167,172,76,61,170,82,84,173,78,80
67,89,85,1,0,81,9,87,83,3,2,11,8,77,10,66,73,4,13,5,79,12,69,15,14,70,7,6,72,68,75,71,67,86,179,65,88,64,84,16,182,82,17,185,18,62,58,19,106,57,20,21,118,145,102,110,144,47,114,92,91,125,78,60,98,127,35,30,94,61,31,80,36,146,124,147,54,95,56,96,126,34,43,22,28,90,55,100,104,119,103,122,42,115,99,111,53,52,41,108,97,107,93,121,63,51,113,76,117,105,101,109,50,128,46,40,129,163,112,143,142,29,116,120,45,135,33,149,148,48,39,37,134,130,153,49,131,44,155,137,154,136,150,151,156,133,27,32,59,38,162,167,157,138,74,25,23,123,140,132,158,141,26,176,139,160,159,161,152,24,181,184,164,166,165,174,168,175,178,169,180,183,177,173,171,172,170
68,75,21,18,17,20,16,44,22,19,141,166,26,140,138,136,139,30,32,66,1,46,34,2,3,137,35,89,0,167,85,135,67,47,39,134,87,42,48,83,4,43,81,164,133,38,165,77,40,31,79,10,45,36,49,127,142,8,12,125,69,9,70,24,71,33,11,5,126,73,156,124,14,128,129,13,68,157,6,28,23,41,130,7,174,15,72,154,132,143,37,131,155,159,158,153,145,27,144,147,146,161,160,152,151,149,150,148,185,106,91,123,92,29,175,169,110,95,94,58,96,168,108,57,97,93,90,56,109,102,182,113,184,98,55,114,54,105,107,53,118,111,112,104,52,51,103,50,100,117,99,121,101,122,181,115,119,116,179,120,163,65,183,180,176,177,173,162,25,74,59,171,178,64,63,62,172,88,86,60,61,84,82,76,78,80,170
69,78,80,82,76,84,86,88,61,60,62,148,150,144,146,145,149,147,64,154,155,65,29,151,156,157,58,74,159,6,7,124,126,15,158,41,5,12,13,14,125,10,9,11,131,128,45,8,4,127,152,130,129,185,132,2,63,47,43,31,135,134,72,33,3,70,42,0,46,73,137,59,89,35,37,85,136,1,69,40,68,174,81,87,44,49,36,83,77,19,16,18,71,17,139,160,79,48,23,66,34,20,184,181,28,153,138,161,120,116,30,182,115,119,39,112,111,32,107,117,121,99,27,103,118,114,113,101,21,100,109,104,108,105,98,55,110,102,22,90,75,97,56,50,93,51,96,95,52,54,94,53,57,164,67,165,24,140,92,162,106,166,91,122,38,133,123,180,183,167,26,141,25,142,163,143,175,177,176,179,178,168,173,169,172,171,170
70,29,124,144,125,145,126,147,127,41,146,45,128,47,149,148,129,130,37,150,43,46,131,42,49,36,151,48,28,31,135,33,35,134,132,40,16,44,34,30,17,18,19,39,155,20,154,21,169,164,137,136,152,133,27,165,157,6,156,32,23,22,153,26,14,7,4,61,12,10,15,63,5,38,13,62,11,65,82,86,2,8,70,9,71,174,67,69,73,80,59,3,139,88,84,138,78,72,81,64,89,60,85,66,159,68,170,158,79,87,77,83,0,58,1,24,76,140,141,185,75,175,160,74,161,123,119,115,118,103,120,114,55,116,111,54,107,99,94,96,102,97,117,121,110,95,105,56,98,101,104,100,90,112,182,93,92,113,109,52,108,53,50,51,57,106,91,166,184,168,173,142,171,176,122,181,143,180,183,179,177,162,25,163,172,167,178
71,75,141,66,142,140,67,138,139,160,161,58,21,136,22,68,143,69,20,89,83,87,70,137,71,1,3,24,85,159,79,2,77,18,81,17,19,158,11,12,44,156,185,157,13,16,73,26,4,10,14,106,9,15,0,91,5,134,30,72,135,92,48,46,8,7,6,35,179,95,108,23,96,31,94,90,93,57,154,110,97,56,109,34,155,42,49,113,47,43,40,50,39,105,53,55,51,52,54,112,98,107,104,102,101,32,100,36,99,117,103,111,114,121,38,59,127,162,152,45,74,123,125,164,128,132,126,129,118,130,27,151,116,124,165,115,120,119,174,131,28,33,150,41,133,184,163,37,178,122,25,145,146,147,149,183,177,144,148,167,166,153,168,29,63,169,65,60,62,64,175,86,88,61,76,82,84,78,80,182,176,180,181,171,172,173,170
72,66,75,141,67,142,179,58,140,68,138,70,69,139,161,160,83,89,87,85,71,3,1,77,21,79,81,11,185,2,22,13,12,73,10,15,14,9,136,4,72,20,5,0,106,137,24,91,7,18,6,26,17,159,92,8,19,143,30,16,44,158,157,156,95,96,94,57,90,134,48,108,135,93,110,97,109,178,56,46,35,113,50,105,52,51,53,132,98,152,54,55,102,31,151,104,34,101,100,112,107,23,114,117,99,121,103,36,49,40,111,42,28,47,154,43,155,118,127,131,129,130,150,128,116,125,32,59,115,39,45,27,74,126,119,162,167,120,38,123,184,124,133,149,33,153,147,41,146,145,183,177,37,148,163,122,144,164,25,165,60,166,62,29,65,64,174,63,86,88,61,168,175,84,82,76,78,176,80,182,169,181,180,173,172,171,170
73,141,140,138,143,139,142,156,136,1,75,157,2,0,159,3,158,179,67,66,21,137,12,9,10,11,160,4,24,22,13,8,14,161,154,5,20,15,18,26,17,155,163,58,19,16,6,134,7,185,44,135,182,71,32,87,83,169,23,30,70,181,79,89,31,68,85,46,153,81,69,59,35,25,73,27,174,72,133,47,77,34,127,125,42,126,43,45,124,106,48,128,33,91,49,36,129,28,40,162,130,145,184,164,144,146,92,176,108,110,165,152,41,39,57,131,90,147,109,56,52,50,95,51,53,150,54,55,113,94,107,114,98,132,93,112,96,111,175,29,97,151,99,37,63,102,148,105,117,100,149,101,168,104,123,121,103,118,115,116,38,119,120,122,60,62,64,74,65,61,177,183,88,178,86,76,180,84,82,166,173,80,78,167,172,170,171
74,82,86,78,84,88,80,61,89,65,85,182,76,81,73,144,41,124,145,47,125,62,126,9,77,127,11,87,16,146,64,43,147,13,29,17,15,8,69,42,10,5,128,83,4,18,7,60,19,72,2,12,14,6,129,0,36,45,79,3,37,70,31,40,46,148,35,20,1,130,63,149,131,71,185,49,143,135,28,39,48,21,68,33,134,66,34,30,163,22,150,169,23,74,58,155,154,142,59,67,132,75,137,151,44,174,136,38,162,133,25,156,27,181,184,176,157,153,24,138,164,32,152,118,26,165,119,139,179,115,140,158,114,120,102,57,141,55,103,54,56,111,116,104,110,99,98,100,107,121,95,117,94,96,159,97,112,101,105,113,93,108,53,52,90,109,106,92,123,51,91,122,50,160,170,161,175,168,178,180,183,177,173,166,172,167,171
75,75,66,179,140,67,1,141,83,142,3,87,138,2,79,0,139,58,89,85,11,12,10,9,13,14,77,81,4,15,8,161,143,68,160,5,106,71,70,91,185,158,136,159,24,92,22,6,21,69,156,7,157,72,73,137,57,26,90,110,94,108,95,96,93,109,50,20,56,52,51,53,97,98,113,54,102,30,178,55,18,105,114,107,17,112,100,104,101,99,19,117,111,121,16,103,134,118,44,154,135,39,163,155,32,38,169,25,116,115,74,133,184,119,27,162,31,122,120,59,183,182,34,35,123,40,46,23,153,42,152,43,48,47,127,28,132,129,125,164,128,36,130,176,177,126,165,124,33,49,131,45,41,151,175,174,64,63,146,145,150,147,144,60,62,149,65,181,148,37,29,170,88,86,61,76,180,84,82,78,80,166,171,168,167,172,173
76,75,66,89,85,87,77,81,83,1,67,79,0,3,9,69,2,73,8,70,11,71,10,21,68,12,18,13,16,17,4,20,22,72,166,19,143,14,5,15,44,142,140,138,141,6,7,174,139,24,136,58,106,32,74,185,46,167,34,91,35,30,137,133,92,47,123,48,57,40,42,25,95,135,43,134,94,110,96,36,26,56,39,97,108,45,49,23,93,38,31,127,109,90,33,102,55,156,113,125,105,165,122,54,164,98,114,104,53,118,126,112,157,103,107,52,111,100,101,121,117,99,161,175,51,124,50,159,128,160,158,129,179,41,119,115,154,153,184,116,155,28,120,37,130,145,144,131,132,146,65,147,59,152,163,177,183,151,182,149,148,150,64,178,63,181,86,88,62,176,27,162,180,76,60,29,61,84,82,168,78,80,172,173,171,169,170
77,41,124,125,47,126,42,43,127,128,29,129,37,36,46,28,130,144,40,145,30,131,147,48,45,35,146,49,31,39,148,16,34,17,149,19,18,135,132,20,134,38,33,21,150,22,151,169,84,88,26,23,82,80,27,86,137,44,61,65,164,136,133,165,73,155,78,89,154,62,85,152,64,81,72,174,69,6,170,7,4,5,153,70,87,77,83,2,32,71,60,3,63,79,14,12,13,15,10,76,138,68,11,139,8,9,0,119,1,118,115,120,157,102,156,103,104,96,116,94,100,111,114,97,185,24,95,121,98,99,55,117,105,107,54,93,101,110,112,56,113,90,92,109,108,53,52,51,91,50,106,66,57,140,67,123,141,122,158,168,159,59,184,58,75,173,171,175,182,142,166,160,143,161,74,162,25,172,163,167,180,179,181,183,177,176,178
78,124,126,144,125,145,146,41,128,80,127,29,82,84,147,135,134,130,129,154,148,45,155,88,131,61,47,86,43,137,78,62,42,149,136,60,46,64,156,40,150,31,28,157,65,36,132,76,37,33,35,49,23,138,6,16,7,48,30,139,19,17,12,10,14,18,8,15,13,44,9,4,5,151,39,63,11,20,2,185,34,158,0,3,21,72,159,140,22,38,1,73,24,167,174,141,26,70,153,163,89,85,32,152,58,87,81,27,183,133,83,71,69,59,25,142,160,68,162,79,143,120,77,116,119,115,184,112,111,118,117,121,104,100,103,99,107,114,101,98,113,102,105,97,161,109,96,94,90,93,108,55,95,110,52,54,51,50,56,53,66,92,57,182,91,106,164,67,181,179,122,165,74,123,173,75,180,175,177,172,178,166,168,176,169,171,170
79,75,1,0,3,2,9,8,10,11,12,4,13,14,66,5,15,160,89,87,83,85,140,6,161,79,67,81,7,77,138,158,159,156,142,139,58,141,157,71,70,68,143,73,136,69,21,72,18,17,20,16,137,154,22,185,19,155,106,179,26,91,44,39,169,74,24,134,57,135,27,92,123,30,31,38,32,163,162,59,110,166,108,56,183,35,90,95,94,98,114,109,52,50,51,53,34,54,55,96,113,102,46,40,93,107,97,122,112,99,42,182,100,43,111,105,47,118,117,104,101,121,103,181,127,125,23,174,115,33,171,116,126,145,146,119,124,144,45,120,41,128,147,63,129,168,48,36,64,65,152,28,150,175,49,130,60,62,149,148,153,164,151,165,29,184,131,133,25,86,177,132,88,180,176,37,178,76,61,172,84,167,82,78,173,80,170
80,75,142,140,143,182,138,141,2,1,139,3,9,11,10,12,0,156,13,66,14,8,4,58,15,67,157,159,136,158,5,160,21,89,24,6,7,137,87,161,20,85,181,18,22,83,17,16,19,81,154,79,71,77,185,155,70,59,134,135,169,73,69,68,174,163,44,26,31,23,72,165,164,30,35,46,43,47,176,39,184,127,42,32,125,25,27,126,124,49,48,40,128,162,45,34,145,146,74,144,129,41,153,36,33,133,130,175,147,150,152,132,131,37,63,38,28,179,151,148,149,29,166,60,106,183,180,62,65,91,57,64,170,92,56,108,110,123,95,55,90,109,94,96,54,93,113,171,52,97,107,112,53,114,98,50,51,61,111,102,105,99,104,86,100,117,101,103,121,118,88,115,116,122,119,177,76,120,178,82,168,84,78,80,173,167,172
81,75,66,89,1,85,3,87,2,83,0,81,9,77,11,10,79,142,67,4,13,8,12,5,14,15,73,69,143,70,21,71,140,6,68,7,17,18,16,20,22,179,138,141,19,72,185,139,58,136,182,137,30,156,31,135,35,134,157,47,46,44,158,43,24,42,26,160,159,34,127,106,125,154,163,126,40,161,39,124,155,36,48,91,74,128,92,129,41,45,32,169,57,23,28,49,145,110,144,27,33,146,94,95,130,56,147,96,108,90,102,54,114,98,55,65,93,38,97,109,131,53,52,113,118,162,107,133,51,59,37,111,50,104,105,112,100,99,103,117,101,121,29,132,25,115,153,149,148,119,176,64,174,116,150,123,120,184,122,151,62,63,164,152,86,88,165,60,61,181,76,84,82,78,175,80,178,170,177,183,180,166,168,171,173,167,172
82,66,69,68,67,73,70,89,85,77,72,48,35,46,47,34,81,75,71,43,87,42,36,49,83,30,37,79,45,44,147,31,33,125,149,145,127,146,126,148,142,124,144,128,65,160,18,20,41,16,17,19,150,58,106,129,21,135,92,40,95,94,134,32,96,91,86,56,97,151,88,93,110,29,55,102,105,61,118,103,108,54,90,109,113,121,101,104,107,117,100,169,114,111,53,98,119,170,99,112,57,84,64,50,161,28,115,51,82,130,120,22,116,137,39,52,78,136,4,62,123,155,7,6,60,164,11,15,26,13,185,5,80,162,14,12,154,158,159,3,157,10,38,9,140,131,156,2,138,165,139,141,27,122,59,63,8,152,74,76,1,174,23,132,0,184,171,24,163,143,166,175,182,179,153,183,178,25,133,180,176,177,181,168,173,172,167
83,75,1,140,138,141,0,139,3,2,166,21,136,26,156,4,22,159,10,157,20,158,8,12,18,66,9,17,137,5,11,16,19,14,160,161,44,13,67,32,6,87,83,24,30,167,15,89,7,85,79,154,134,27,81,135,142,77,155,31,143,71,34,133,35,106,70,46,39,69,68,153,91,73,23,47,164,38,42,123,92,174,43,165,72,168,40,33,127,185,179,48,110,125,45,169,108,126,36,90,95,94,124,128,57,28,152,49,129,58,109,56,96,50,98,51,53,93,52,113,114,130,132,54,55,102,107,97,112,41,111,99,105,131,145,100,104,117,146,122,118,101,175,121,144,103,147,150,151,181,115,163,116,37,149,119,148,120,182,29,183,177,184,180,176,59,74,162,25,171,172,178,63,65,173,64,62,60,88,86,61,76,84,82,78,80,170
84,143,75,142,140,174,141,138,21,139,1,0,18,20,2,17,22,16,3,19,136,24,9,8,10,4,12,156,11,168,137,13,89,14,157,5,160,159,67,87,158,85,66,15,166,81,161,175,77,83,79,182,134,135,6,181,44,7,163,23,154,26,71,31,185,155,35,46,73,58,30,165,43,164,70,47,69,39,42,40,48,49,125,127,126,34,25,124,72,68,45,173,36,171,172,38,27,167,128,176,177,41,32,169,180,183,184,123,74,133,162,59,129,33,145,37,144,130,146,147,132,131,28,106,179,153,91,150,152,148,149,29,56,57,92,151,110,108,95,178,55,109,94,96,63,54,90,93,113,97,112,107,114,111,98,52,53,102,51,105,99,104,50,103,122,100,117,118,101,121,65,115,116,119,120,62,64,60,86,88,61,76,82,170,84,78,80
85,80,78,82,84,61,88,86,76,65,62,64,60,29,144,148,145,147,146,149,63,168,41,124,37,126,131,128,125,130,129,150,28,45,127,36,47,119,151,120,33,115,43,42,116,132,118,49,103,40,111,48,121,99,117,100,104,101,46,114,102,107,35,112,54,31,34,55,105,98,122,170,153,113,52,53,97,23,51,50,152,96,93,56,109,94,90,110,135,155,95,108,178,154,134,57,30,72,174,39,185,73,16,92,163,167,133,32,19,59,184,27,74,25,162,179,169,38,17,183,171,18,7,91,44,6,123,177,176,173,182,180,106,20,69,81,5,137,85,89,70,164,15,165,4,157,175,8,13,68,14,22,77,156,87,26,9,21,11,83,10,12,71,181,79,136,172,2,0,24,158,3,159,58,1,166,139,138,160,161,66,143,141,67,140,142,75
86,75,143,140,142,1,138,0,139,159,158,161,3,2,160,156,141,166,8,12,157,9,10,11,14,67,13,66,4,58,15,136,5,24,106,83,79,87,6,26,137,91,7,181,21,163,22,71,154,77,89,85,92,81,108,185,155,57,110,179,20,50,109,51,90,52,70,169,27,133,56,32,68,59,95,53,182,38,25,123,113,44,94,18,93,98,122,74,39,54,112,55,107,17,96,153,114,19,97,99,134,105,102,111,175,117,16,100,101,104,121,162,72,135,69,103,73,171,176,118,116,184,115,180,30,174,183,177,23,119,120,165,164,31,168,152,34,35,40,46,172,167,42,178,43,33,63,47,48,127,45,125,132,126,128,49,129,124,130,28,41,151,150,36,146,145,131,144,60,147,149,64,148,173,62,37,29,65,76,170,88,86,61,84,82,78,80
87,82,78,86,80,84,88,61,62,144,145,147,146,60,148,65,149,41,64,150,15,76,47,6,7,5,124,14,29,43,63,125,58,13,126,4,151,165,12,11,127,31,89,128,70,73,10,2,85,42,164,37,3,9,45,155,129,59,87,81,35,185,46,154,83,8,40,72,130,69,39,131,152,71,19,0,49,135,36,1,18,16,184,17,33,20,79,134,132,48,157,77,66,156,68,34,174,159,158,137,21,23,30,67,162,167,22,120,136,115,119,116,44,111,118,161,112,103,38,99,107,114,121,117,101,100,104,55,113,108,102,105,110,109,56,98,54,28,97,95,93,160,182,90,50,96,51,53,52,94,57,181,106,91,153,92,139,133,27,138,123,24,163,142,143,141,32,75,122,140,180,166,183,74,26,25,175,168,176,177,169,178,179,170,173,172,171
88,75,138,140,1,2,3,139,0,141,10,8,12,160,67,9,4,87,11,83,156,89,166,14,158,136,66,85,157,13,21,159,161,5,79,81,71,6,15,20,137,18,17,22,16,44,7,19,26,70,77,154,30,73,68,32,155,69,134,72,135,167,34,35,46,39,31,38,142,42,48,47,106,43,58,40,91,49,36,24,164,127,125,33,45,165,92,27,126,124,128,23,110,129,145,57,41,95,94,146,108,56,90,28,123,144,147,37,96,109,93,53,98,174,59,52,51,50,55,113,54,102,97,114,130,107,105,112,99,100,104,111,185,101,117,118,121,103,63,148,149,150,115,116,119,122,168,29,120,131,64,151,169,152,65,162,62,143,132,60,179,175,88,86,163,61,153,84,183,177,82,181,25,133,184,74,176,180,171,182,80,76,78,178,172,173,170
89,37,36,48,47,42,49,43,34,35,124,46,125,30,41,127,144,126,147,145,146,84,128,88,31,45,29,64,129,65,28,80,40,148,82,149,86,61,16,17,19,60,18,72,69,33,73,68,62,20,118,119,102,135,130,115,39,103,120,94,114,104,100,96,121,55,54,89,95,21,101,98,97,111,116,117,105,99,110,93,56,85,107,92,134,53,70,113,90,112,106,51,50,150,109,71,91,63,108,38,52,81,78,57,87,44,22,83,131,164,151,67,6,167,79,26,165,137,7,123,4,77,155,5,122,185,162,23,66,32,136,14,15,154,10,13,12,11,2,3,27,9,76,166,174,132,59,8,142,1,157,138,160,0,168,156,152,139,58,158,140,161,141,159,184,24,169,163,75,179,175,143,153,182,183,74,25,133,178,176,177,180,181,171,173,172,170
90,46,47,45,125,127,36,43,126,16,124,48,17,44,42,49,128,129,18,34,35,41,147,37,30,145,131,144,19,149,20,130,146,151,21,33,66,28,150,40,148,69,31,132,135,70,89,73,134,85,29,81,39,77,22,67,68,32,4,167,75,71,164,6,133,87,7,10,5,72,152,83,3,165,2,11,12,136,79,137,26,13,166,9,14,15,8,38,1,155,154,153,23,0,27,65,157,156,139,138,62,174,86,58,141,88,61,64,140,185,82,24,159,84,63,158,60,78,80,59,76,123,92,74,96,94,106,95,118,97,110,102,103,114,93,105,91,119,90,98,55,104,121,111,56,117,100,54,115,101,113,107,99,108,160,109,57,112,120,116,161,53,184,142,52,51,50,168,169,175,122,182,173,143,183,181,179,171,177,176,180,162,25,172,178,163,170
91,82,78,86,80,84,149,88,147,148,144,145,65,151,61,146,150,69,37,29,36,47,73,125,124,45,41,126,127,131,129,70,128,62,43,76,68,130,66,49,89,48,81,46,85,42,77,28,33,35,64,72,34,132,31,40,30,71,87,83,152,79,16,7,60,6,67,17,18,5,19,44,4,15,11,13,10,20,9,14,12,63,135,39,8,134,3,2,74,164,21,165,153,58,133,32,167,75,155,27,1,0,22,154,38,23,185,118,119,137,115,59,120,103,102,116,114,121,26,104,100,96,117,101,105,111,99,97,94,98,136,54,55,123,95,107,110,93,56,112,113,92,90,57,166,109,53,52,108,157,51,50,174,106,156,91,168,184,169,122,159,158,139,138,24,141,140,160,161,182,175,183,173,142,25,162,179,178,180,177,176,171,181,170,172,163,143
92,80,82,29,84,78,37,61,144,147,145,148,124,41,146,86,88,126,125,149,47,128,36,127,43,42,129,45,49,48,65,46,130,150,28,62,35,31,64,60,34,40,131,30,33,135,151,76,134,39,16,19,63,155,17,164,167,18,132,27,20,154,38,44,23,165,137,73,69,72,21,136,26,70,119,22,120,168,115,68,116,118,174,6,103,7,89,121,85,100,104,111,117,81,102,99,152,101,114,32,157,107,71,105,112,55,54,98,97,156,96,113,93,94,53,95,109,56,90,5,110,51,77,50,52,185,108,4,123,15,59,87,14,92,83,13,79,12,57,158,91,10,11,138,106,139,159,2,9,3,122,66,58,67,8,162,166,184,169,160,140,24,141,1,0,142,161,74,175,173,182,153,75,180,181,163,183,179,25,133,176,177,172,178,170,171,143
93,75,1,0,3,2,143,9,8,10,11,12,140,4,142,13,14,66,141,138,5,15,87,139,89,160,83,161,85,67,79,6,81,156,158,159,7,77,21,157,58,136,22,18,71,20,17,16,70,19,24,163,137,73,69,185,68,154,166,72,155,44,106,26,134,174,135,39,91,182,31,181,30,162,35,179,183,25,133,57,92,123,167,74,23,38,32,59,46,168,110,27,108,40,56,34,95,47,43,153,42,90,94,109,96,98,55,114,113,93,52,53,51,127,54,50,125,97,102,175,107,112,122,126,99,111,105,100,104,117,124,184,101,118,45,121,103,48,33,165,128,164,41,145,129,146,115,49,36,144,152,116,119,147,130,180,120,132,28,177,131,150,63,151,176,149,148,169,65,37,64,29,62,60,178,86,88,76,61,84,82,172,78,171,173,80,170
94,75,1,0,2,3,8,10,9,4,12,11,66,21,14,13,89,17,5,138,18,140,16,85,20,141,87,139,81,15,83,19,6,136,22,77,79,67,7,44,156,166,137,39,157,26,70,71,73,30,69,134,135,38,46,159,158,133,35,32,68,34,31,154,167,40,47,142,42,43,72,155,143,160,24,127,125,161,126,45,124,48,128,33,41,36,129,27,49,58,23,153,130,145,28,164,144,165,146,147,131,174,132,185,150,149,37,152,151,168,148,29,169,106,182,123,91,175,74,92,179,181,183,110,57,163,59,95,94,65,108,56,96,90,114,98,93,109,102,97,55,54,113,53,52,107,118,51,105,63,50,112,111,99,104,64,100,117,103,121,101,62,122,184,115,173,119,180,116,176,177,171,86,172,120,162,25,88,60,178,61,76,84,82,78,80,170
95,142,140,141,75,143,138,139,66,136,160,67,58,161,159,156,158,137,24,157,26,21,22,1,20,3,2,134,12,11,13,17,18,14,10,44,9,182,135,15,19,166,16,4,163,89,0,154,85,71,68,87,5,83,77,155,168,8,79,70,81,69,39,169,27,133,171,32,38,25,23,162,74,6,7,59,30,185,73,153,46,31,181,179,152,72,40,35,127,43,132,42,126,130,128,125,47,45,28,129,124,34,48,49,131,173,164,151,150,41,184,33,165,36,176,146,145,147,172,167,149,144,148,37,174,29,106,91,92,123,57,63,108,95,175,56,96,93,110,90,94,109,97,60,113,55,53,50,52,54,112,51,105,107,104,98,100,111,102,101,99,114,117,103,121,170,116,122,118,115,120,119,62,65,177,183,64,180,76,61,178,86,88,82,84,78,80
96,1,0,75,2,3,9,10,11,89,8,4,12,13,85,87,5,14,66,83,81,15,142,138,140,77,6,21,7,79,18,139,17,20,16,143,136,185,73,22,19,70,67,141,69,137,71,156,72,68,58,157,135,134,158,31,159,154,30,35,106,24,155,47,46,160,43,44,127,42,125,91,161,126,163,124,40,26,92,39,128,34,110,57,23,145,129,95,41,108,45,94,146,144,56,96,90,48,109,130,147,36,93,98,114,102,113,97,174,153,55,133,112,131,107,166,104,54,132,111,100,105,53,52,51,99,50,49,118,117,103,101,121,33,38,27,28,115,116,149,150,148,119,120,151,152,32,122,25,65,29,162,37,74,184,179,123,167,88,64,86,59,62,182,60,63,84,82,61,76,164,165,78,80,181,183,175,176,177,178,180,168,173,169,171,172,170
97,75,1,0,2,3,8,87,9,89,85,138,83,10,81,4,139,166,77,12,11,79,140,5,13,136,14,21,106,22,6,91,18,17,137,20,66,16,92,15,156,7,73,19,141,26,24,157,110,70,158,94,71,57,95,159,44,108,90,30,96,72,98,69,102,93,134,109,135,97,113,114,51,53,52,56,67,50,32,112,104,100,105,167,107,154,54,99,55,122,118,111,101,117,121,103,34,35,68,31,133,25,155,39,46,116,115,38,119,40,120,160,123,42,43,23,127,47,161,125,27,153,126,33,74,124,48,45,36,179,129,128,28,185,130,41,49,131,132,145,146,58,144,147,143,164,37,174,165,142,152,148,149,65,150,151,29,64,86,88,62,63,163,76,59,84,175,82,181,60,182,61,78,80,176,177,183,184,180,162,178,168,169,171,172,173,170
98,1,75,0,3,2,9,8,10,11,66,4,12,89,13,85,87,14,5,83,81,15,67,77,79,6,7,143,140,71,73,70,142,69,141,138,68,160,161,58,139,156,21,72,17,158,16,18,159,20,157,136,19,22,163,137,44,179,39,154,185,155,106,26,30,134,31,135,32,133,38,35,24,91,74,27,34,153,182,46,47,57,40,166,167,43,92,42,127,125,110,59,162,126,124,56,33,145,95,108,94,45,90,114,98,144,41,102,168,146,23,54,128,55,53,96,52,36,129,109,51,123,147,50,113,93,118,28,107,97,65,48,99,111,122,112,100,105,104,103,117,101,121,130,63,49,115,64,152,25,119,150,116,149,181,148,131,151,86,62,120,29,88,132,60,176,37,164,165,174,169,76,84,82,61,184,78,175,80,180,183,178,177,173,172,171,170
99,75,1,0,3,2,8,10,9,67,12,4,11,140,138,14,13,139,5,83,166,87,79,15,66,141,6,71,156,21,7,89,136,85,158,157,159,22,81,24,77,20,26,18,160,137,17,161,16,19,70,143,106,154,39,68,44,58,73,91,30,155,72,167,38,133,69,32,59,134,135,27,92,165,142,169,57,164,31,34,110,35,185,153,123,108,90,95,94,23,46,52,40,51,56,50,53,109,98,93,179,96,54,113,55,102,114,97,42,107,43,105,99,112,63,48,100,101,104,47,111,117,103,121,127,25,118,36,125,122,49,126,33,115,116,28,45,129,124,128,174,119,41,152,120,163,168,130,175,145,146,144,147,131,37,132,150,151,149,183,177,148,64,181,29,62,176,65,74,184,162,60,180,182,178,171,88,86,172,61,84,76,82,173,78,80,170
100,1,0,8,9,89,85,3,2,75,11,81,87,10,83,77,66,13,4,12,5,79,14,15,73,67,6,7,69,179,71,68,70,72,168,143,142,16,17,106,18,21,57,20,19,163,58,91,185,92,122,110,22,102,94,56,114,98,95,118,54,96,90,65,55,108,53,140,52,182,51,30,93,97,138,100,50,104,109,113,99,107,111,103,105,117,121,101,112,115,88,35,64,119,31,136,86,34,47,39,139,141,116,156,160,120,137,125,127,135,26,44,43,46,42,158,173,134,40,28,161,157,124,63,126,36,153,145,144,172,171,162,27,32,167,74,123,133,38,169,25,59,159,154,84,155,62,41,146,128,60,129,33,45,147,48,166,24,82,176,76,61,130,23,49,181,29,131,149,148,37,78,80,150,151,184,132,152,174,175,164,165,178,180,183,177,170
101,0,1,8,89,85,9,81,87,2,83,3,10,11,77,4,79,5,73,12,13,6,14,7,86,15,88,72,70,69,84,71,82,65,75,66,78,68,80,64,16,17,67,18,62,57,106,76,63,102,19,144,145,61,92,98,94,91,118,114,125,110,95,47,96,100,104,127,124,146,103,99,43,126,20,56,147,35,41,119,105,97,121,90,53,101,108,115,54,117,122,93,55,42,30,111,51,113,31,52,34,112,120,116,107,46,109,50,21,129,45,128,40,36,39,135,148,60,155,134,33,149,22,44,154,130,28,137,48,136,37,131,49,29,166,58,156,185,157,150,59,133,38,74,123,169,171,32,23,138,168,151,139,153,27,26,158,172,167,132,159,24,152,25,164,165,140,173,174,141,170,160,161,184,181,182,179,183,175,180,143,163,142,162,176,177,178
102,75,1,0,8,2,3,9,10,11,12,87,4,89,83,85,13,79,81,14,77,5,15,138,66,6,67,7,139,140,71,166,156,73,158,70,157,136,159,21,72,69,18,17,68,106,16,20,160,22,137,91,19,58,141,24,57,92,123,154,161,155,44,110,108,95,56,94,90,96,134,98,109,52,135,93,53,114,55,102,51,179,113,97,50,54,26,112,32,174,105,122,30,100,107,167,99,104,74,101,117,111,118,185,121,103,35,31,25,34,116,115,46,39,59,23,119,142,40,120,38,42,43,47,63,127,125,48,36,33,126,65,64,45,124,27,49,145,128,146,144,175,41,129,62,28,147,164,165,88,86,143,130,60,177,37,183,148,149,131,76,150,29,181,151,132,84,61,152,82,78,176,180,178,163,162,80,153,182,184,133,172,171,168,173,169,170
103,80,78,82,84,170,86,61,88,76,65,62,148,37,149,29,64,147,144,146,145,60,150,131,151,124,130,41,129,128,45,126,120,164,165,63,49,125,36,119,116,132,127,33,115,47,48,43,28,103,121,104,101,118,100,117,111,42,99,112,105,46,152,107,97,102,35,113,93,114,96,34,98,51,50,55,109,53,31,54,52,94,95,90,108,122,56,110,40,135,23,30,92,134,57,155,91,154,153,74,72,44,32,169,73,106,133,123,59,27,19,184,69,25,16,137,174,39,17,171,70,18,20,68,71,81,26,136,77,173,85,157,22,180,7,185,166,89,38,6,21,87,79,156,83,24,5,172,159,4,158,15,167,181,58,14,13,12,8,139,10,182,11,9,2,67,3,138,175,66,0,168,1,183,161,140,160,75,141,177,176,162,178,163,142,143,179
104,75,142,141,67,140,66,161,143,160,165,138,164,139,166,170,58,24,21,71,68,22,79,77,159,136,83,1,26,87,70,3,158,69,89,85,81,137,2,20,12,175,10,11,9,0,14,44,156,13,157,106,4,8,18,15,17,91,19,73,92,16,5,30,74,169,32,183,123,59,38,182,48,25,133,162,72,181,184,27,49,6,7,180,177,167,172,134,185,176,39,135,174,95,57,171,94,34,152,108,35,90,96,110,93,46,97,23,178,109,31,56,113,50,173,154,53,51,105,179,52,155,98,132,163,55,102,54,112,122,101,40,36,104,107,37,100,117,114,121,99,103,42,43,111,151,33,47,118,153,45,116,127,131,28,130,129,150,115,120,128,119,125,126,124,41,149,147,146,145,148,63,144,29,60,64,65,62,168,61,76,86,88,84,82,78,80
105,1,0,3,2,75,8,9,10,11,12,4,13,14,5,15,143,89,87,85,6,83,168,66,7,81,79,77,67,140,160,179,161,58,138,142,158,156,166,71,159,73,70,139,21,157,17,18,69,163,141,16,20,22,68,19,182,72,136,185,106,181,167,24,133,183,26,39,154,137,74,169,91,153,57,155,27,38,123,92,59,110,56,44,31,134,135,108,171,25,122,90,114,98,95,30,52,54,55,94,51,53,50,102,109,32,35,172,96,40,113,93,174,107,177,99,118,176,97,112,100,111,104,23,34,184,117,175,180,162,105,178,101,121,103,115,42,46,43,47,116,119,127,125,120,145,126,144,124,65,41,146,63,33,128,152,147,173,129,45,28,64,36,130,132,62,86,150,131,88,48,60,29,149,148,151,76,164,49,165,61,37,82,84,78,80,170
106,89,85,81,77,83,87,79,66,73,9,75,69,1,8,10,11,70,3,2,68,0,72,4,13,12,5,67,71,7,15,6,14,65,64,88,86,170,36,57,92,84,16,28,17,62,106,18,30,82,94,102,96,37,118,185,91,19,21,110,98,127,95,48,20,114,125,97,90,35,34,56,93,104,100,145,129,147,61,144,54,105,31,146,47,55,124,126,103,131,101,53,49,52,43,121,128,99,117,113,51,108,22,109,149,50,42,119,63,60,111,182,107,46,115,29,130,112,78,122,120,80,58,116,148,41,151,45,33,132,76,164,150,165,153,40,135,134,44,179,23,26,169,137,152,59,74,155,32,27,133,136,25,154,184,123,39,24,157,139,138,156,176,171,38,140,158,159,141,181,174,166,160,161,142,175,178,163,143,162,183,180,177,173,167,172,168
107,75,66,67,1,3,0,2,11,9,141,58,10,12,13,4,8,161,14,140,83,160,138,87,5,15,79,71,139,159,68,70,77,89,85,156,158,81,6,69,7,157,21,136,73,106,22,179,143,72,20,185,44,91,137,18,142,17,24,92,154,16,19,74,123,169,155,32,57,59,133,108,110,26,90,95,56,109,94,50,51,52,53,96,113,93,98,55,54,134,97,153,114,30,107,135,112,105,102,27,31,99,111,101,117,100,35,104,121,103,174,152,34,46,118,115,116,122,119,23,120,48,47,33,151,43,42,45,163,183,177,49,39,127,40,150,36,164,125,165,126,132,128,129,145,63,146,124,178,130,147,184,131,144,28,149,175,25,148,41,38,162,65,37,62,64,29,60,168,86,88,61,182,176,76,166,181,180,84,82,78,167,172,80,170,173,171
108,165,164,152,151,166,150,132,159,149,157,148,37,154,155,131,153,156,158,24,49,139,29,137,130,23,167,184,32,136,134,45,170,33,59,48,147,135,44,146,174,26,133,128,129,27,144,138,145,126,124,46,36,31,127,28,125,140,181,35,43,34,61,41,47,25,141,63,169,180,42,30,58,161,60,22,120,116,62,112,182,160,80,20,109,113,50,107,101,21,111,105,117,121,82,108,51,115,119,78,103,99,93,19,97,74,40,104,100,52,53,90,55,96,123,76,95,175,54,185,56,18,94,98,114,110,118,92,84,102,17,67,91,16,64,86,65,106,57,88,71,122,70,39,68,66,69,72,38,142,7,6,171,183,73,168,177,176,5,14,15,75,4,12,162,173,13,172,79,10,2,3,11,83,87,77,81,9,163,143,85,8,89,1,0,178,179
109,75,138,1,0,89,140,139,85,2,81,9,87,8,3,83,10,77,79,11,136,156,12,158,13,4,14,157,160,137,5,73,159,15,71,67,6,18,66,17,16,44,141,21,142,7,20,19,70,166,154,69,72,134,155,161,22,135,24,32,58,68,38,39,168,26,59,46,30,35,167,40,43,34,42,47,74,45,125,91,63,23,106,126,127,57,31,124,48,33,49,65,41,25,171,172,36,92,128,95,56,94,110,108,122,96,145,169,129,97,93,144,55,102,53,146,90,98,54,109,113,52,112,105,104,114,99,86,51,64,100,103,107,101,88,111,50,117,121,118,147,37,116,123,115,119,120,28,130,62,143,164,27,165,148,76,60,185,173,61,78,84,82,174,149,131,150,80,29,162,132,151,152,163,175,181,179,170,133,153,180,177,183,176,182,184,178
110,106,91,138,140,139,92,108,110,95,109,122,90,52,143,51,94,50,1,142,113,53,93,112,96,107,98,75,54,102,97,0,111,56,104,55,100,114,57,136,99,105,117,101,121,141,103,158,137,161,116,118,159,115,120,3,26,119,160,2,166,156,22,157,21,20,18,17,24,134,19,8,4,87,168,83,16,135,163,30,9,12,44,89,5,10,154,79,85,11,81,39,14,155,31,13,35,77,185,169,133,171,25,38,32,34,123,6,46,27,167,162,15,7,172,71,73,43,47,66,42,67,23,72,70,40,69,127,125,153,126,68,45,124,58,128,33,129,41,48,164,152,130,184,49,36,165,181,145,146,28,144,131,147,132,174,59,150,148,37,182,149,74,151,173,29,64,63,65,88,60,86,180,62,84,76,61,82,80,78,183,170,175,179,176,177,178
111,89,85,81,87,77,83,73,79,69,72,9,66,8,70,68,11,1,10,65,88,0,75,86,13,3,71,2,170,4,84,5,12,15,7,82,6,14,64,67,16,78,80,62,17,36,47,61,125,18,127,42,43,124,126,46,19,129,41,144,145,30,34,35,48,128,147,57,28,92,40,146,20,94,96,102,76,45,118,21,185,37,95,49,97,106,130,104,98,114,91,100,131,110,93,105,103,56,60,121,119,101,149,117,54,90,31,63,55,99,115,148,120,113,111,122,116,53,22,33,108,109,107,112,52,51,50,135,39,58,29,44,134,151,132,150,23,38,74,169,184,137,133,32,123,136,25,155,59,164,26,165,153,154,152,24,171,138,139,27,157,156,179,183,174,182,140,158,173,159,172,141,142,178,143,160,181,161,175,166,176,177,163,162,180,168,167
